Date/Time,Environment:Site Outdoor Air Drybulb Temperature [C](Hourly),PLENUM-1:Zone Mean Radiant Temperature [C](Hourly),SPACE1-1:Zone Mean Radiant Temperature [C](Hourly),SPACE2-1:Zone Mean Radiant Temperature [C](Hourly),SPACE3-1:Zone Mean Radiant Temperature [C](Hourly),SPACE4-1:Zone Mean Radiant Temperature [C](Hourly),SPACE5-1:Zone Mean Radiant Temperature [C](Hourly),PLENUM-1:Zone Operative Temperature [C](Hourly),SPACE1-1:Zone Operative Temperature [C](Hourly),SPACE2-1:Zone Operative Temperature [C](Hourly),SPACE3-1:Zone Operative Temperature [C](Hourly),SPACE4-1:Zone Operative Temperature [C](Hourly),SPACE5-1:Zone Operative Temperature [C](Hourly),SPACE1-1:Zone Ventilation Standard Density Volume Flow Rate [m3/s](Hourly),SPACE2-1:Zone Ventilation Standard Density Volume Flow Rate [m3/s](Hourly),SPACE3-1:Zone Ventilation Standard Density Volume Flow Rate [m3/s](Hourly),SPACE4-1:Zone Ventilation Standard Density Volume Flow Rate [m3/s](Hourly),SPACE5-1:Zone Ventilation Standard Density Volume Flow Rate [m3/s](Hourly),PLENUM-1:Zone Air Temperature [C](Hourly),PLENUM-1:Zone Air Humidity Ratio [](Hourly),PLENUM-1:Zone Air Relative Humidity [%](Hourly),SPACE1-1:Zone Air Temperature [C](Hourly),SPACE1-1:Zone Air Humidity Ratio [](Hourly),SPACE1-1:Zone Air Relative Humidity [%](Hourly),SPACE2-1:Zone Air Temperature [C](Hourly),SPACE2-1:Zone Air Humidity Ratio [](Hourly),SPACE2-1:Zone Air Relative Humidity [%](Hourly),SPACE3-1:Zone Air Temperature [C](Hourly),SPACE3-1:Zone Air Humidity Ratio [](Hourly),SPACE3-1:Zone Air Relative Humidity [%](Hourly),SPACE4-1:Zone Air Temperature [C](Hourly),SPACE4-1:Zone Air Humidity Ratio [](Hourly),SPACE4-1:Zone Air Relative Humidity [%](Hourly),SPACE5-1:Zone Air Temperature [C](Hourly),SPACE5-1:Zone Air Humidity Ratio [](Hourly),SPACE5-1:Zone Air Relative Humidity [%](Hourly),HOT WATER LOOP HOT WATER LOOP:Plant Supply Side Outlet Temperature [C](Hourly),PLENUM-1:Zone Thermal Comfort ASHRAE 55 Simple Model Summer or Winter Clothes Not Comfortable Time [hr](Hourly),SPACE1-1:Zone Thermal Comfort ASHRAE 55 Simple Model Summer or Winter Clothes Not Comfortable Time [hr](Hourly),SPACE2-1:Zone Thermal Comfort ASHRAE 55 Simple Model Summer or Winter Clothes Not Comfortable Time [hr](Hourly),SPACE3-1:Zone Thermal Comfort ASHRAE 55 Simple Model Summer or Winter Clothes Not Comfortable Time [hr](Hourly),SPACE4-1:Zone Thermal Comfort ASHRAE 55 Simple Model Summer or Winter Clothes Not Comfortable Time [hr](Hourly),SPACE5-1:Zone Thermal Comfort ASHRAE 55 Simple Model Summer or Winter Clothes Not Comfortable Time [hr](Hourly),PLENUM-1:Zone Heating Setpoint Not Met While Occupied Time [hr](Hourly),SPACE1-1:Zone Heating Setpoint Not Met While Occupied Time [hr](Hourly),SPACE2-1:Zone Heating Setpoint Not Met While Occupied Time [hr](Hourly),SPACE3-1:Zone Heating Setpoint Not Met While Occupied Time [hr](Hourly),SPACE4-1:Zone Heating Setpoint Not Met While Occupied Time [hr](Hourly),SPACE5-1:Zone Heating Setpoint Not Met While Occupied Time [hr](Hourly),SPACE1-1 BASEBOARD HEAT:Baseboard Total Heating Rate [W](Hourly),SPACE2-1 BASEBOARD HEAT:Baseboard Total Heating Rate [W](Hourly),SPACE3-1 BASEBOARD HEAT:Baseboard Total Heating Rate [W](Hourly),SPACE4-1 BASEBOARD HEAT:Baseboard Total Heating Rate [W](Hourly),SPACE5-1 BASEBOARD HEAT:Baseboard Total Heating Rate [W](Hourly),MAIN BOILER:Boiler Heating Rate [W](Hourly),MAIN BOILER:Boiler NaturalGas Rate [W](Hourly) 
 01/14  01:00:00,8.85,19.29371400374278,20.33581111037489,20.372471914901453,20.30028003458535,20.37326742697828,21.279878113187984,19.331008885283488,20.297785127452578,20.339095745593248,20.26066614864154,20.339576626504442,21.288376684606376,0.0,0.0,0.0,0.0,0.0,19.36830376682419,0.006393607669006368,46.3773139822426,20.25975914453027,0.008068414321632331,55.22919878476783,20.305719576285043,0.008351884631511085,56.9815939758485,20.22105226269773,0.008345438847256609,57.23713792103199,20.305885826030607,0.008333746511395942,56.858846535524975,21.296875256024766,0.00748864711828732,48.133383453183775,66.28217727746777,0.0,0.0,0.0,0.0,0.0,0.0,0.0,0.0,0.0,0.0,0.0,0.0,0.0,0.0,0.0,0.0,0.0,0.0,0.0 
 01/14  02:00:00,8.487499999999999,18.88627551453156,20.101343963716566,20.12692100595443,20.06732597734558,20.13189965205989,21.121458433604097,18.925471781851023,20.054839024577632,20.088851864351483,20.018606490439844,20.094451853423543,21.121778845300376,0.0,0.0,0.0,0.0,0.0,18.964668049170484,0.006393607669006372,47.55923224740571,20.0083340854387,0.007996507656059476,55.60085723174644,20.050782722748536,0.008269637699949199,57.32412207657119,19.969887003534105,0.00826299641978998,57.566469527183564,20.057004054787196,0.008252185667265334,57.18270078105084,21.12209925699665,0.007438855589555289,48.33255075152087,66.28217727746777,0.0,0.0,0.0,0.0,0.0,0.0,0.0,0.0,0.0,0.0,0.0,0.0,0.0,0.0,0.0,0.0,0.0,0.0,0.0 
 01/14  03:00:00,8.2125,18.476395946612715,19.95510382426979,19.972520391738026,19.924039718124266,19.970138807132198,21.01083361562317,18.517676504545026,19.928412246350213,19.952128045677178,19.89723793189741,19.949614635322163,21.025242949276986,0.0,0.0,0.0,0.0,0.0,18.558957062477337,0.006393607669006373,48.78136952584889,19.90172066843063,0.00795585648571697,55.688598511408856,19.931735699616326,0.008222606789873913,57.4244378615001,19.87043614567056,0.0082158700361862,57.59647455548741,19.929090463512125,0.008205576557860628,57.316471414713774,21.039652282930795,0.0074117835049020125,48.40331362214966,66.28217727746777,0.0,0.0,0.0,0.0,0.0,0.0,0.0,0.0,0.0,0.0,0.0,0.0,0.0,0.0,0.0,0.0,0.0,0.0,0.0 
 01/14  04:00:00,8.1125,18.094888002078456,19.84729732240601,19.857727598519276,19.82095237251669,19.854290799501214,20.91739142450199,18.136863654779493,19.827020999554684,19.84492521593217,19.79989726790883,19.840874130712145,20.938488682803772,0.0,0.0,0.0,0.0,0.0,18.178839307480526,0.006393607669006371,49.988828376980166,19.80674467670336,0.007919223665059752,55.79678956607184,19.832122833345068,0.008180872049398899,57.52572302148861,19.778842163300972,0.008174040228959803,57.66863100507468,19.827457461923075,0.008164181419153264,57.42649620726084,20.95958594110555,0.007386051951195331,48.504758070179875,66.28217727746777,0.0,0.0,0.0,0.0,0.0,0.0,0.0,0.0,0.0,0.0,0.0,0.0,0.0,0.0,0.0,0.0,0.0,0.0,0.0 
 01/14  05:00:00,8.675,17.773032307756925,19.802845342538003,19.80290395859159,19.782981185689867,19.80542196931101,20.8525658066988,17.81500110015991,19.791532455631938,19.7977676416575,19.771836172636952,19.8005013121825,20.87847510221622,0.0,0.0,0.0,0.0,0.0,17.856969892562898,0.006393607669006373,51.02942577244261,19.780219568725876,0.007906799599112604,55.822529802577705,19.79263132472341,0.00816653573284726,57.58814900448891,19.760691159584034,0.008159675743024317,57.6545418996458,19.79558065505399,0.008149971652703375,57.46233212948002,20.904384397733644,0.00737769580646073,48.633143482733416,66.28217727746777,0.0,0.0,0.0,0.0,0.0,0.0,0.0,0.0,0.0,0.0,0.0,0.0,0.0,0.0,0.0,0.0,0.0,0.0,0.0 
 01/14  06:00:00,8.2125,17.52382890010104,19.72254274683021,19.729303435493186,19.711348587047556,19.73488714539253,20.79117413843982,17.56487529999753,19.696521468169006,19.7096187724639,19.6859458770831,19.715758174823833,20.790973384607337,0.0,0.0,0.0,0.0,0.0,17.605921699894022,0.006393607669006376,51.84316227925881,19.6705001895078,0.00787771050429642,55.99982818508653,19.689934109434617,0.008132327856960941,57.716711018353166,19.660543167118647,0.00812541649185248,57.77365068561284,19.69662920425514,0.008116100102281814,57.57908338044837,20.790772630774853,0.007359438660641997,48.85452926974659,66.28217727746777,0.0,0.0,0.0,0.0,0.0,0.0,0.0,0.0,0.0,0.0,0.0,0.0,0.0,0.0,0.0,0.0,0.0,0.0,0.0 
 01/14  07:00:00,7.425,17.338249915712257,19.624526809731478,19.640917325352344,19.618779926208155,19.6474614355022,20.73431726663346,17.378530335456816,19.586436141012037,19.61074632646188,19.581438696369755,19.617884271928443,20.719629325117925,0.0,0.0,0.0,0.0,0.0,17.418810755201378,0.006393607669006379,52.491202760838526,19.548345472292596,0.007831091468943145,56.130775568981846,19.58057532757141,0.008077856016160605,57.760982039445466,19.544097466531355,0.008070863169971612,57.8426142129931,19.588307108354687,0.008062144117574197,57.6223792530339,20.70494138360239,0.007329440258921991,48.94534909212288,66.28217727746777,0.0,0.0,0.0,0.0,0.0,0.0,0.0,0.0,0.0,0.0,0.0,0.0,0.0,0.0,0.0,0.0,0.0,0.0,0.0 
 01/14  08:00:00,7.2,17.25113860641891,19.811001863268434,19.961251280109032,19.82160076984421,19.84394729360023,20.74568296170615,17.290676097744278,20.37889612301251,20.45481348723486,20.384049718724967,20.396368521688824,20.871547728793445,0.0,0.0,0.0,0.0,0.0,17.330213589069647,0.00639360766900638,52.805029166514416,20.946790382756586,0.007790920972754118,51.2449109538523,20.948375694360685,0.00803185562603416,52.804007792661935,20.946498667605724,0.008024776163447307,52.76461912220624,20.94878974977742,0.008016528821498057,52.703096201438015,20.997412495880738,0.0073017270195270805,47.910351582433094,68.38323353293413,0.0,0.0,0.0,0.0,0.0,0.0,0.0,0.0,0.0,0.0,0.0,0.0,693.0248486737011,275.6501889015399,675.0132811799075,308.54127651410977,205.95980025523423,2107.772134847951,2676.6280153473836 
 01/14  09:00:00,6.8875,17.567314066308796,20.9277693075041,21.36666970597561,21.036297474430476,21.00956087704082,21.876695721557187,17.595020582001215,21.77844982728819,22.156713256230454,21.888571882580603,21.823349740952835,22.80717518184067,0.0,0.0,0.0,0.0,0.0,17.622727097693634,0.006393607669006379,51.841009339732736,22.62913034707228,0.008534124475066792,50.54661991012938,22.946756806485304,0.00882526410827589,51.245899864154026,22.74084629073073,0.008768464003873171,51.565404886074305,22.63713860486485,0.008796633578376324,52.05275476828588,23.737654642124152,0.008081494026223867,44.79103834570032,66.28217727746815,0.0,0.0,0.0,0.0,0.0,0.0,0.0,0.0,0.0,0.0,0.0,0.0,0.0,0.0,0.0,0.0,0.0,0.0,0.0 
 01/14  10:00:00,7.0125,18.207705171599155,22.20445301313643,23.05941357407892,22.437888538510517,22.40324786926272,23.02533930552402,18.240954442433612,23.39289274594733,24.165187710911454,23.636521735874574,23.52475527565892,24.475749816994245,0.0,0.0,0.0,0.0,0.0,18.274203713268072,0.006393607669006377,49.76210420657461,24.581332478758224,0.009947283902755311,52.23308310477936,25.270961847743983,0.010388470613342268,52.29672211628587,24.835154933238634,0.010208364208433674,52.77370333393212,24.64626268205511,0.010289779240966086,53.78975082541372,25.926160328464473,0.00964828010083759,46.779787302065905,66.28217727746815,0.0,0.0,0.0,0.0,0.0,0.0,0.0,0.0,0.0,0.0,0.0,0.0,0.0,0.0,0.0,0.0,0.0,0.0,0.0 
 01/14  11:00:00,7.575,19.130263030394563,23.43541826754033,24.915305499040777,23.637704579203085,23.620567054300892,23.85473665881955,19.165580923010275,24.7021551988621,26.085553276060843,24.927176502430733,24.817517104769582,25.417297422890414,0.0,0.0,0.0,0.0,0.0,19.20089881562599,0.006393607669006378,46.96246505694975,25.968892130183875,0.012631141398600911,60.81822478127867,27.255801053080916,0.013464226013020565,59.98254170122556,26.216648425658388,0.012962799122575464,61.48325771893056,26.014467155238272,0.013135104574696368,63.02922656228946,26.97985818696128,0.01257832484929121,57.08669035153626,66.28217727746815,0.0,0.75,1.0,0.75,0.75,0.75,0.0,0.0,0.0,0.0,0.0,0.0,0.0,0.0,0.0,0.0,0.0,0.0,0.0 
 01/14  12:00:00,8.799999999999999,20.28634973657914,24.62544591729121,26.425747286627406,24.44165517167503,24.465025105005992,24.336406851785632,20.310851848147646,25.813382874771108,27.532806356437565,25.662476830164806,25.593594597536182,25.8204466146275,0.0,0.0,0.0,0.0,0.0,20.335353959716148,0.006393607669006378,43.77311473095672,27.001319832251003,0.015395164371549717,69.48575962362925,28.639865426247724,0.016771321182512185,68.640976304196,26.883298488654585,0.015764096877866354,71.62348373893148,26.72216409006637,0.016037144082507594,73.52318655135508,27.30448637746937,0.015475373199039294,68.63788724562227,66.28217727746815,0.0,1.0,1.0,1.0,1.0,1.0,0.0,0.0,0.0,0.0,0.0,0.0,0.0,0.0,0.0,0.0,0.0,0.0,0.0 
 01/14  13:00:00,10.4625,21.45567816961932,25.277692839024105,26.35734735538125,24.619754632756468,24.716814669873692,24.238654180918857,21.4575864107061,25.08419248616769,25.873644098179604,24.674552531706205,24.669357099323648,24.47177213359501,0.10017811639085103,0.05910371965189046,0.0770565414482254,0.037398056745584676,0.14418913299923045,21.45949465179288,0.006393607669006379,40.81890280032326,24.890692133311273,0.013427910602533004,68.28197206276792,25.38994084097796,0.013906619491782197,68.06136463339884,24.72935043065595,0.014007306362862196,71.98805914782352,24.621899528773614,0.014083451268770846,72.78039174504686,24.704890086271167,0.01384185204834415,71.24129023432883,66.28217727746816,0.0,0.75,0.75,0.75,0.75,0.75,0.0,0.0,0.0,0.0,0.0,0.0,0.0,0.0,0.0,0.0,0.0,0.0,0.0 
 01/14  14:00:00,10.7875,22.45909042371534,25.603492531287944,25.319616326174515,24.277048906731014,24.392322375354603,23.957788537039,22.431169526494735,24.744339040111598,24.579546082957073,24.06683900827596,24.103936886339145,23.88689413572616,0.1356402713205189,0.05857193278722436,0.09934172892946783,0.04702310968205586,0.16801627876153075,22.40324862927413,0.006393607669006377,38.497780304407016,23.885185548935244,0.00932741850389009,51.09647533557288,23.839475839739627,0.009126973131294288,50.15928167221082,23.856629109820908,0.010362689755132121,56.79176043456066,23.815551397323677,0.01014316771567185,55.7430914087162,23.81599973441331,0.01047934664684121,57.56223027028493,66.28217727746815,0.0,0.0,0.0,0.0,0.0,0.0,0.0,0.0,0.0,0.0,0.0,0.0,0.0,0.0,0.0,0.0,0.0,0.0,0.0 
 01/14  15:00:00,10.6,23.330993427703838,25.35031979373005,24.718987982277707,24.135487654082443,24.246573945032004,24.03823502645066,23.298704852605766,24.589951141181604,24.295495265952944,23.990291731150542,24.08728382144638,23.92438161591612,0.12603520651376254,0.04700196560114167,0.08975298587009424,0.04700196560114167,0.16794687347078063,23.266416277507687,0.006393607669006379,36.49730057120545,23.829582488633157,0.00812010142383597,44.69303394059382,23.872002549628178,0.008191582912098639,44.95924307021904,23.845095808218638,0.009106998913944273,49.995838067862564,23.927993697860757,0.008948625754459535,48.88276309255603,23.81052820538157,0.009187566907071551,50.53817979999468,66.28217727746815,0.0,0.0,0.0,0.0,0.0,0.0,0.0,0.0,0.0,0.0,0.0,0.0,0.0,0.0,0.0,0.0,0.0,0.0,0.0 
 01/14  16:00:00,10.9125,23.867953775401013,26.094670753040806,24.37931472597502,24.075676677805248,24.606052846798832,24.092061102882646,23.85960697447405,24.980822878560797,24.109066099509327,23.94852031705652,24.249792076319995,23.950352935618245,0.16203334280758053,0.04691889064254541,0.08959715760226958,0.046918890642545424,0.167655285729985,23.851260173547082,0.006393607669006382,35.2176036627174,23.866975004080793,0.007671801233549481,42.138198854544555,23.83881747304364,0.008023432061067343,44.11579514265108,23.821363956307792,0.008624300955700794,47.42802498364263,23.893531305841158,0.008406674876543575,46.04226202270151,23.80864476835384,0.00864718732514618,47.58918164417982,66.28217727746815,0.0,0.0,0.0,0.0,0.0,0.0,0.0,0.0,0.0,0.0,0.0,0.0,0.0,0.0,0.0,0.0,0.0,0.0,0.0 
 01/14  17:00:00,11.787499999999998,23.913301553008107,24.615125858909813,23.783485035282855,23.585754025791367,24.003203698444555,24.01576699331691,23.930937260538755,24.267167670597352,23.78948453343629,23.698624998103952,23.937353518303233,23.92105525800646,0.10269359046430183,0.03695045013029875,0.06845102779377846,0.03695045013029875,0.16011862268836802,23.948572968069406,0.006393607669006389,35.01132835912205,23.919209482284895,0.00763542314280262,41.8046228284221,23.795484031589726,0.008105551119004187,44.676530499293435,23.811495970416534,0.008512276489704968,46.842998930149875,23.871503338161922,0.008189208413174444,44.92508144491251,23.826343522696014,0.008306432490592899,45.69039309750832,66.28217727746815,0.0,0.0,0.0,0.0,0.0,0.0,0.0,0.0,0.0,0.0,0.0,0.0,0.0,0.0,0.0,0.0,0.0,0.0,0.0 
 01/14  18:00:00,11.8875,23.582262733326697,23.808083119876667,23.43704204198073,23.33258639961992,23.55454206506853,23.861746794668754,23.618814521693093,23.820542795973086,23.611881751352627,23.545004950672837,23.66049272239492,23.88076759700541,0.08557061859895675,0.029562076493090377,0.06845954855010908,0.033254865408568486,0.16012077721242637,23.655366310059488,0.0063936076690064,35.63552986606361,23.833002472069513,0.0077061302267367815,42.40617078240206,23.78672146072452,0.008071183147434184,44.51222954515746,23.757423501725754,0.00837141398596963,46.22740433332558,23.766443379721313,0.008029138332592747,44.33782274284172,23.899788399342057,0.007867388339639805,43.10724212267581,66.28217727746815,0.0,0.0,0.0,0.0,0.0,0.0,0.0,0.0,0.0,0.0,0.0,0.0,0.0,0.0,0.0,0.0,0.0,0.0,0.0 
 01/14  19:00:00,11.325,22.900499885449626,22.984585781704983,22.90748037809227,22.868219323832605,22.92915104409601,23.34517319764809,22.97949041230074,23.26795671271914,23.198651632310778,23.243039152490933,23.244160007205945,23.453132408310733,0.053494195889497845,0.0230973688643306,0.01713730535001807,0.026798666988915962,0.13071327145645886,23.05848093915187,0.006393607669006403,36.944794086827315,23.55132764373331,0.007881535378280636,44.11153379531897,23.489822886529304,0.008235722047422475,46.23454389141423,23.61785898114927,0.008433868042829215,46.960276770549676,23.55916897031589,0.00815199084507907,45.580901453412494,23.561091618973386,0.007727264685138621,43.23238853111657,66.2821772774682,0.0,0.0,0.0,0.0,0.0,0.0,0.0,0.0,0.0,0.0,0.0,0.0,0.0,0.0,0.0,0.0,0.0,0.0,0.0 
 01/14  20:00:00,10.7875,22.155069982476554,22.365559420172023,22.38346162017403,22.279100860461167,22.375515792476904,22.919323255625834,22.241258523177386,22.84486013214017,22.800826557759745,22.58414757659649,22.841577691362993,23.230842663769568,0.0,0.0,0.008577093072642912,0.0,0.028403604162427223,22.327447063878214,0.006393607669006398,38.62125924541702,23.32416084410832,0.008036124053748846,45.576488896123934,23.218191495345458,0.008333118516651207,47.540660473534,22.889194292731812,0.008339333254339661,48.53112745037639,23.30763959024907,0.008314033374964027,47.17949650574357,23.542362071913303,0.007702572909600606,43.138245932161595,66.28217727746815,0.0,0.0,0.0,0.0,0.0,0.0,0.0,0.0,0.0,0.0,0.0,0.0,0.0,0.0,0.0,0.0,0.0,0.0,0.0 
 01/14  21:00:00,10.9125,21.505075207444925,22.015844232415134,22.03407751619237,21.92859806353203,22.048429598642556,22.69567567300184,21.566205161130675,22.48473898211222,22.470740458483846,22.386120275080383,22.488280230736237,23.096183655089295,0.0,0.0,0.0,0.0,0.01235854102225772,21.627335114816425,0.006393607669006404,40.32985002849071,22.953633731809298,0.008158577156238,47.33725073241947,22.907403400775326,0.008459530387375864,49.19733238088591,22.84364248662873,0.008456370297119134,49.36874081856691,22.928130862829924,0.00843995675479839,49.02361670152929,23.49669163717675,0.0076445045446797855,42.95987427879452,66.28217727746815,0.0,0.0,0.0,0.0,0.0,0.0,0.0,0.0,0.0,0.0,0.0,0.0,0.0,0.0,0.0,0.0,0.0,0.0,0.0 
 01/14  22:00:00,11.474999999999998,20.82004623079633,21.455525026648253,21.499274447436637,21.40561388338553,21.511234812899133,22.15020932661488,20.8782011180624,21.563648341890556,21.595176361735,21.512813513908135,21.608420940894298,22.359973316759934,0.0,0.0,0.0,0.0,0.0,20.93635600532847,0.006393607669006407,42.092379934850655,21.671771657132865,0.008188255040802273,51.39919896076897,21.69107827603336,0.008488933771579145,53.19513306774301,21.62001314443075,0.008482807127118778,53.390789553625076,21.70560706888947,0.008469655795003205,53.02888578751244,22.569737306904987,0.007570104339186332,45.02276597287593,66.28217727746815,0.0,0.0,0.0,0.0,0.0,0.0,0.0,0.0,0.0,0.0,0.0,0.0,0.0,0.0,0.0,0.0,0.0,0.0,0.0 
 01/14  23:00:00,11.7,20.19795500140194,20.9524528144102,20.990517145820768,20.915961636859283,20.999155751993598,21.72757584372618,20.23919899749786,20.9502198192767,20.991598668622494,20.91430741591637,21.001045134054973,21.820685859076416,0.0,0.0,0.0,0.0,0.0,20.28044299359378,0.0063936076690064075,43.82727067612244,20.947986824143204,0.008138773962159195,53.39020864652484,20.99268019142422,0.008433054403500144,55.143236259852046,20.91265319497346,0.008426808326768362,55.37462310133169,21.002934516116344,0.008414198676172924,54.98695135195824,21.913795874426654,0.007535940208486054,46.64009655371968,66.28217727746815,0.0,0.0,0.0,0.0,0.0,0.0,0.0,0.0,0.0,0.0,0.0,0.0,0.0,0.0,0.0,0.0,0.0,0.0,0.0 
 01/14  24:00:00,11.0125,19.713115029941285,20.650070792534137,20.682216607150107,20.621255394617343,20.68266800367545,21.47215707778016,19.75073874433496,20.6442568282811,20.679024373927078,20.615433370065713,20.67926078682337,21.5410534744205,0.0,0.0,0.0,0.0,0.0,19.788362458728635,0.006393607669006411,45.182557139019075,20.638442864028065,0.008118917513818357,54.28658798546347,20.675832140704053,0.00841033144104183,56.07962857806931,20.609611345514086,0.008404023380078235,56.26733218909719,20.67585356997129,0.008391666241006346,55.956802649866596,21.609949871060845,0.00752218700869623,47.42859462339212,66.28217727746815,0.0,0.0,0.0,0.0,0.0,0.0,0.0,0.0,0.0,0.0,0.0,0.0,0.0,0.0,0.0,0.0,0.0,0.0,0.0 
 07/07  01:00:00,13.8625,22.436107326917515,22.254171158509543,22.298464910001435,22.243006421436647,22.316779006021463,23.006399530964316,22.482027344781244,22.17344744667372,22.227827095762123,22.16171956272749,22.246450014520747,22.956360671100143,0.0,0.0,0.0,0.0,0.0,22.527947362644966,0.008599050883723366,50.5639649070214,22.0927237348379,0.009278960642007736,55.96303169842219,22.157189281522818,0.009258974395534188,55.62525605979878,22.08043270401833,0.009255033496535961,55.86264407498221,22.176121023020023,0.009184333753369562,55.11985591752919,22.90632181123597,0.009230297179098458,52.98823092806843,65.6,0.0,0.0,0.0,0.0,0.0,0.0,0.0,0.0,0.0,0.0,0.0,0.0,0.0,0.0,0.0,0.0,0.0,0.0,0.0 
 07/07  02:00:00,13.05,21.920460993647737,22.04619692997948,22.09429782751144,22.041306664765948,22.10302747241917,22.861089681765634,21.960901645352152,21.95219752115659,22.014340689924765,21.94792930927409,22.022943644763018,22.788923314549614,0.0,0.0,0.0,0.0,0.0,22.00134229705656,0.008599050883723367,52.19726493424129,21.8581981123337,0.009185831443135914,56.193747305219816,21.934383552338087,0.00916816015270579,55.826975709612896,21.85455195378223,0.009164104347959575,56.075254516417026,21.94285981710686,0.009100336129185139,55.39130179253902,22.716756947333593,0.009141832399568544,53.08104508031606,65.6,0.0,0.0,0.0,0.0,0.0,0.0,0.0,0.0,0.0,0.0,0.0,0.0,0.0,0.0,0.0,0.0,0.0,0.0,0.0 
 07/07  03:00:00,12.7125,21.471164385099378,21.891428050994364,21.9341656025661,21.887099110562684,21.93813551528842,22.743213972993864,21.5065819983165,21.80664931442291,21.86298098946947,21.802405875508228,21.86685124704571,22.68109680986506,0.0,0.0,0.0,0.0,0.0,21.54199961153362,0.008599050883723367,53.66285113870339,21.721870577851462,0.009083194181769737,56.01895563076377,21.791796376372833,0.00906761694747004,55.68579802139309,21.71771264045377,0.009063390292675224,55.912787437323686,21.795566978803006,0.009005758731885308,55.298614333707704,22.61897964673626,0.009043291739990286,52.81005924913238,65.6,0.0,0.0,0.0,0.0,0.0,0.0,0.0,0.0,0.0,0.0,0.0,0.0,0.0,0.0,0.0,0.0,0.0,0.0,0.0 
 07/07  04:00:00,12.349999999999998,21.08333353641638,21.766660768427013,21.803345491467333,21.761086301558198,21.80512430347567,22.64980322474697,21.11533934762336,21.690001433693443,21.740480528254498,21.68427498727698,21.74218150557133,22.595331948906924,0.0,0.0,0.0,0.0,0.0,21.14734515883034,0.008599050883723367,54.97654868152827,21.61334209895987,0.008976563910248224,55.7394074528535,21.677615565041663,0.008962829385864192,55.43697223038362,21.60746367299576,0.008958396281361518,55.64820971684877,21.67923870766699,0.008906048500010708,55.08527239399193,22.54086067306688,0.008940157729262654,52.464630823395446,65.6,0.0,0.0,0.0,0.0,0.0,0.0,0.0,0.0,0.0,0.0,0.0,0.0,0.0,0.0,0.0,0.0,0.0,0.0,0.0 
 07/07  05:00:00,12.575,20.749660985066413,21.68861665184941,21.72278235382012,21.691895109737963,21.719325602418273,22.57387042772418,20.780498264963484,21.62078341681842,21.66596890814727,21.620149376957873,21.663724907529016,22.52722643498975,0.0,0.0,0.0,0.0,0.0,20.81133554486055,0.008599050883723367,56.15842354933178,21.55295018178743,0.008874253866894707,55.35142236500517,21.60915546247443,0.008862120733688642,55.08700205877839,21.548403644177778,0.008857494861112123,55.26378044811884,21.60812421263975,0.008809711463105451,54.769215413297715,22.48058244225532,0.008840855097869013,52.11263214437699,65.6,0.0,0.0,0.0,0.0,0.0,0.0,0.0,0.0,0.0,0.0,0.0,0.0,0.0,0.0,0.0,0.0,0.0,0.0,0.0 
 07/07  06:00:00,13.1125,20.497032077257032,21.705800668886805,21.77754927970237,21.76704824580542,21.7591669216241,22.524292494542905,20.52569908423775,21.64246785296108,21.717346037969794,21.691841090547843,21.70056601554296,22.482361768470078,0.0,0.0,0.0,0.0,0.0,20.554366091218466,0.008599050883723367,57.07527419308044,21.579135037035357,0.008788293322167606,54.75546256781098,21.657142796237213,0.008777518680455131,54.42906571098685,21.616633935290267,0.00877278331077085,54.53512641298482,21.641965109461825,0.008729006471769156,54.182613867121816,22.44043104239725,0.008757557697992864,51.77384656642279,65.6,0.0,0.0,0.0,0.0,0.0,0.0,0.0,0.0,0.0,0.0,0.0,0.0,0.0,0.0,0.0,0.0,0.0,0.0,0.0 
 07/07  07:00:00,13.675,20.388256517985717,21.860166190483437,22.136003878216833,22.14673119689128,21.99237953029364,22.51867317060286,20.41291646281337,21.78509601438128,22.03778103642773,22.034169777262036,21.91228205494122,22.473921676524927,0.0,0.0,0.0,0.0,0.0,20.43757640764102,0.008599050883723367,57.48769689921569,21.710025838279137,0.008716761904491768,53.88345323444932,21.93955819463863,0.008707134318827584,53.077731514702606,21.921608357632785,0.008702360950729113,53.10735040388562,21.832184579588795,0.008662153764702932,53.15282326715497,22.429170182446995,0.008688430502250669,51.406063579667794,65.6,0.0,0.0,0.0,0.0,0.0,0.0,0.0,0.0,0.0,0.0,0.0,0.0,0.0,0.0,0.0,0.0,0.0,0.0,0.0 
 07/07  08:00:00,14.150000000000002,20.503499514592043,22.1902727488658,22.930225071668257,22.86666172762726,22.468922246412205,22.5863269704843,20.523426946513432,22.093683261801807,22.78521298830529,22.718840360834697,22.359267586663233,22.530698256235592,0.0,0.0,0.0,0.0,0.0,20.54335437843482,0.008599050883723367,57.11424043820373,21.997093774737817,0.00866013101740026,52.608761936296084,22.640200904942315,0.008651419808459397,50.54624491321111,22.571018994042134,0.008646679666896598,50.7294362371799,22.24961292691426,0.008609639552031607,51.50896132869918,22.475069541986873,0.008633960575100076,50.94600577647285,65.6,0.0,0.0,0.0,0.0,0.0,0.0,0.0,0.0,0.0,0.0,0.0,0.0,0.0,0.0,0.0,0.0,0.0,0.0,0.0 
 07/07  09:00:00,14.4875,21.16321255547157,23.4117188368619,24.64383637724186,24.39226438362423,23.8189795288487,23.533868857043153,21.161747978771345,23.546940244907763,24.215521797735086,24.113098100262533,23.82926938390583,23.68309125076979,0.07063899348086651,0.051339381961753305,0.10495533590863584,0.04016687884170192,0.1545177535182266,21.16028340207112,0.008599050883723373,54.99345587409464,23.68216165295363,0.009175584807078845,50.28575195475311,23.787207218228318,0.00902487615591231,49.17215389738425,23.833931816900847,0.00907780588869434,49.3046988894905,23.83955923896297,0.009138904006473537,49.61459620724681,23.83231364449643,0.009117119281074717,49.51983599633357,65.60000000000002,0.0,0.0,0.0,0.0,0.0,0.0,0.0,0.0,0.0,0.0,0.0,0.0,0.0,0.0,0.0,0.0,0.0,0.0,0.0 
 07/07  10:00:00,14.85,22.071174847542686,24.266919886761098,25.72617085971325,24.990579296321876,24.6594806880972,24.27049493149471,22.054662739706224,24.090398096943282,24.90583799595685,24.52562227119605,24.348991407638124,24.097712268263905,0.15507921599158997,0.09143297168254773,0.1789393609818436,0.07211692035940331,0.25112512352449895,22.03815063186977,0.00859905088372339,52.150888428354335,23.91387630712547,0.00941688868270998,50.90969220672433,24.085505132200463,0.009164798663292997,49.0600606545237,24.060665246070233,0.00924067333166608,49.53503450275243,24.03850212717905,0.009375385537402883,50.31166823312468,23.924929605033107,0.009367486281625752,50.61530518407824,65.60000000000002,0.0,0.0,0.0,0.0,0.0,0.0,0.0,0.0,0.0,0.0,0.0,0.0,0.0,0.0,0.0,0.0,0.0,0.0,0.0 
 07/07  11:00:00,15.687500000000002,23.11047013834195,25.04276939109006,26.704035792199974,25.619789069261127,25.44060703940696,24.691583814461662,23.081481848883975,24.519216777883788,25.45882624628155,24.888114978217036,24.79260015241892,24.366116269601804,0.18051549543774129,0.12407080667108905,0.21983747885065147,0.09092919843996854,0.318353401489923,23.05249355942601,0.00859905088372339,49.02504128963136,23.995664164677514,0.009328269457586563,50.17792797559734,24.213616700363133,0.0090445737505658,48.04198109038184,24.156440887172945,0.009201763599238643,49.03348864485612,24.144593265430878,0.009286554612434222,49.51242149456096,24.040648724741935,0.009390453996307757,50.373814643206515,65.60000000000001,0.0,0.0,0.0,0.0,0.0,0.0,0.0,0.0,0.0,0.0,0.0,0.0,0.0,0.0,0.0,0.0,0.0,0.0,0.0 
 07/07  12:00:00,16.787499999999998,24.276069569287916,25.519734245326916,27.028854526789715,26.062896073556296,25.987818144128642,24.905758328819047,24.230406794942734,24.8127196827353,25.747658519452287,25.199906639898956,25.124962567415995,24.466164324888418,0.23132836781680435,0.1391559241067574,0.24169187873140066,0.10834864373352568,0.3574701020406098,24.18474402059755,0.008599050883723392,45.77859869009412,24.105705120143682,0.00913630718228749,48.82049328180328,24.466462512114866,0.008937495799993807,46.74618210193524,24.33691720624161,0.009078927108690155,47.85292660967275,24.26210699070335,0.009096142339639953,48.157176352567575,24.026570320957788,0.009246578842134905,49.63410857308007,65.6,0.0,0.0,0.0,0.0,0.0,0.0,0.0,0.0,0.0,0.0,0.0,0.0,0.0,0.0,0.0,0.0,0.0,0.0,0.0 
 07/07  13:00:00,17.8875,25.524562462145195,25.767648842806526,26.704282216167684,26.204089816457735,26.22040957578577,24.994595412733155,25.441442166891036,25.018615309421662,25.52280692088345,25.25800579830448,25.32734152973292,24.495387454865636,0.2270139814579784,0.14258519106914935,0.2682686140986249,0.11584326012424831,0.36037343994453436,25.358321871636882,0.008599050883723394,42.67926862665818,24.269581776036794,0.00888063300323257,47.01386816192027,24.341331625599217,0.00875814769786495,46.16532409044505,24.311921780151224,0.008841849401201281,46.69508789328374,24.434273483680073,0.00885763648385761,46.43729861899794,23.996179496998124,0.008982188991127328,48.32343021564542,65.6,0.0,0.0,0.0,0.0,0.0,0.0,0.0,0.0,0.0,0.0,0.0,0.0,0.0,0.0,0.0,0.0,0.0,0.0,0.0 
 07/07  14:00:00,18.425,26.819704228203015,26.03920594372438,26.6265285104608,26.34329681181757,26.764367529387243,25.22215094548085,26.682486061725413,25.091499554311447,25.63587651417777,25.355991548004564,25.74327481765252,24.779815189833492,0.3293756154324493,0.14223037318520662,0.3293756154324493,0.14223037318520662,0.4182340800733664,26.545267895247825,0.008599050883723397,39.7587033249199,24.143793164898515,0.008902366421987178,47.44491915508564,24.645224517894746,0.008906379457462787,46.06080859718351,24.36868628419157,0.008897740663251517,46.78535212981045,24.722182105917803,0.008927041391869662,45.955770566376756,24.337479434186143,0.009034060733374595,47.593669925777476,65.60000000000002,0.0,0.0,0.0,0.0,0.0,0.0,0.0,0.0,0.0,0.0,0.0,0.0,0.0,0.0,0.0,0.0,0.0,0.0,0.0 
 07/07  15:00:00,18.625,27.9521929840667,26.26363216278215,26.705279336170918,26.505047506230465,27.8216951251595,25.507743549511382,27.865843309103468,25.350086120938016,25.771478474182324,25.539403403675564,26.655020124372076,24.998433078315585,0.32899598432427796,0.14206644157746745,0.32899598432427796,0.14206644157746745,0.4617324533648227,27.779493634140245,0.008599050883723394,36.96621369608296,24.436540079093877,0.009050712066548797,47.3666956299033,24.83767761219372,0.00909840208143895,46.4846954933157,24.573759301120663,0.009057889410486662,47.016162849491735,25.488345123584644,0.009120648184584457,44.82685502020983,24.489122607119796,0.00921972772474421,48.10452356752137,65.6,0.0,0.0,0.0,0.0,0.0,0.0,0.0,0.0,0.0,0.0,0.0,0.0,0.0,0.0,0.0,0.0,0.0,0.0,0.0 
 07/07  16:00:00,18.824999999999996,28.704745457076015,26.341705965155626,26.644282532976757,26.504220984818204,28.724434365389186,25.661943216332663,28.64984131835081,25.42813638302409,25.734389433603695,25.552858865111446,27.412336291952123,25.12296115137466,0.328552644888488,0.14187499955672975,0.328552644888488,0.14187499955672975,0.46112531332243256,28.59493717962561,0.008599050883723394,35.22730273004926,24.514566800892553,0.009128398711486803,47.516283272330284,24.824496334230638,0.009174830221071937,46.87803217004125,24.601496745404692,0.009133545662708825,47.296107391159985,26.10023821851506,0.009233230103846204,43.73024302678658,24.583979086416658,0.00930522957785951,48.237818036708305,65.6,0.0,0.0,0.0,0.0,1.0,0.0,0.0,0.0,0.0,0.0,0.0,0.0,0.0,0.0,0.0,0.0,0.0,0.0,0.0 
 07/07  17:00:00,18.212500000000002,28.931651123626906,26.070482590218436,26.316743747742947,26.20710955416659,28.573362380554226,25.68562572082777,28.903095960676083,25.14266660608279,25.33307694791779,25.225810076665752,27.16991846453427,24.955869180794572,0.2898585024055333,0.13701242523649776,0.30552441677141784,0.1420938580783767,0.39218867975618255,28.874540797725274,0.008599050883723397,34.64629958340221,24.214850621947157,0.009219558498625016,48.8401386022397,24.349410148092645,0.00923410819503363,48.523839710310966,24.244510599164922,0.009206628013038912,48.68461343571645,25.766474548514324,0.009308227090452937,44.94883640473428,24.226112640761386,0.00937360760072116,49.61219485279304,65.60000000000002,0.0,0.0,0.0,0.0,0.5,0.0,0.0,0.0,0.0,0.0,0.0,0.0,0.0,0.0,0.0,0.0,0.0,0.0,0.0 
 07/07  18:00:00,17.1125,28.63292544474398,25.593135168860826,25.8458792823131,25.787705617097,27.566202287877285,25.487204524841637,28.659505607607613,24.850099125476873,25.038453528708892,24.96688969796547,26.174317996460125,24.75476794860154,0.22026772737607236,0.11040070280707001,0.24387037509429674,0.14268811254654595,0.390097773160586,28.686085770471266,0.0085990508837234,35.049314258375375,24.107063082092925,0.009501353145732026,50.66667164025123,24.2310277751047,0.009505795419561066,50.317897064733785,24.146073778833955,0.009492016693992342,50.499451048541516,24.782433705042976,0.009423670434332721,48.277510194746604,24.02233137236146,0.009566273464960504,51.26580086788568,65.60000000000001,0.0,0.0,0.0,0.0,0.0,0.0,0.0,0.0,0.0,0.0,0.0,0.0,0.0,0.0,0.0,0.0,0.0,0.0,0.0 
 07/07  19:00:00,16.0125,27.826532353475635,24.81634905128188,24.90927009493714,24.877999636928138,25.70326424708999,24.99798073638159,27.897810529593194,24.351192414928107,24.407778752166394,24.377294584884616,24.843622279901297,24.412805837976173,0.10268434511186167,0.05626867116988738,0.11650174795121451,0.08355814449972455,0.1921203338535864,27.969088705710774,0.008599050883723413,36.55920618785424,23.88603577857435,0.009619655380948946,51.99260445299008,23.906287409395667,0.00956788929731527,51.654978573675315,23.876589532841116,0.00958487873540808,51.84199745775497,23.98398031271262,0.009399409821704272,50.52580820003966,23.827630939570774,0.009614613705887388,52.15222581894876,65.60000000000004,0.0,0.0,0.0,0.0,0.0,0.0,0.0,0.0,0.0,0.0,0.0,0.0,0.0,0.0,0.0,0.0,0.0,0.0,0.0 
 07/07  20:00:00,15.6,26.75883684839634,24.124125566797648,24.21844412466951,24.15281601032032,24.559029870031253,24.502193686623478,26.840454645218287,23.89951204018852,23.955369951116403,23.89255549952895,24.141437448782163,24.123265626479025,0.04301283736420333,0.028180823250353596,0.05339524638314898,0.027540349994663742,0.12211690491345242,26.92207244204024,0.008599050883723409,38.87119276808046,23.67489851357939,0.009585358076244176,52.47325199112017,23.692295777563302,0.009533930841641227,52.14192451276118,23.63229498873758,0.009532295437552478,52.32467315659695,23.723845027533066,0.00934770707466381,51.04350595431474,23.74433756633458,0.009523477770054306,51.9215233831498,65.60000000000001,0.0,0.0,0.0,0.0,0.0,0.0,0.0,0.0,0.0,0.0,0.0,0.0,0.0,0.0,0.0,0.0,0.0,0.0,0.0 
 07/07  21:00:00,15.6,25.684467724090748,23.691751087686196,23.754377041225922,23.679810255628666,23.935436638620303,24.146651917427086,25.82983609147207,23.67659305088886,23.743059536219153,23.67472613677095,23.83738937014768,23.893163111632376,0.036915232067362254,0.015940667697169716,0.036915232067362254,0.027896168470047,0.19859415849561451,25.975204458853383,0.008599050883723406,41.101091169564135,23.66143501409152,0.009505842507986686,52.09357833527134,23.731742031212384,0.009470039469303172,51.68069236435281,23.669642017913226,0.009467542603908486,51.86108627061327,23.739342101675042,0.009320663357678704,50.861415462150944,23.63967430583766,0.009396617839286844,51.58653428349885,65.59999999999998,0.0,0.0,0.0,0.0,0.0,0.0,0.0,0.0,0.0,0.0,0.0,0.0,0.0,0.0,0.0,0.0,0.0,0.0,0.0 
 07/07  22:00:00,15.6,24.663003148033766,23.15506857033277,23.236246932583214,23.143149579459923,23.302974510853876,23.68378566226928,24.790432891359195,23.016838203707888,23.106650278501156,23.00371033031911,23.265342326365136,23.658955614888733,0.008308008602940875,0.003587549012912673,0.008308008602940875,0.0,0.0,24.917862634684624,0.008599050883723407,43.797285714248034,22.87860783708301,0.009430337878013902,54.21094009245026,22.9770536244191,0.009403566716721962,53.73792420646093,22.864271081178302,0.009399336174001634,54.08237600562536,23.2277101418764,0.00930869049184687,52.406013613178075,23.634125567508182,0.009368610225364022,51.457799608713536,65.6,0.0,0.0,0.0,0.0,0.0,0.0,0.0,0.0,0.0,0.0,0.0,0.0,0.0,0.0,0.0,0.0,0.0,0.0,0.0 
 07/07  23:00:00,15.349999999999998,23.77857627520968,22.7560309338384,22.812688287227438,22.73790953651708,22.871047368106282,23.402890965515873,23.852229624219625,22.682894839625156,22.74883562601569,22.663226021295316,22.806745584258568,23.39486646614614,0.0,0.0,0.0,0.0,0.0,23.925882973229566,0.008599050883723407,46.45934167694047,22.60975874541192,0.009388254681370752,54.846329438504725,22.684982964803943,0.009363792428828814,54.45644409776843,22.58854250607355,0.009359735207492404,54.752703665162414,22.742443800410857,0.00927516020982405,53.760937294601455,23.386841966776405,0.009330257384537622,52.00747318065913,65.6,0.0,0.0,0.0,0.0,0.0,0.0,0.0,0.0,0.0,0.0,0.0,0.0,0.0,0.0,0.0,0.0,0.0,0.0,0.0 
 07/07  24:00:00,14.95,23.0453724432171,22.488063849366963,22.529850927935854,22.469484979630707,22.56407688345079,23.179582445054464,23.10253443843874,22.414949981037154,22.466227348850936,22.395253470866777,22.500928250712924,23.153985235502496,0.0,0.0,0.0,0.0,0.0,23.159696433660383,0.008599050883723407,48.635619596708615,22.341836112707348,0.009340234483687586,55.44478791281724,22.402603769766017,0.00931806858788523,55.111120285311976,22.321021962102847,0.00931410626577772,55.36204677620263,22.437779617975064,0.009236608419766274,54.51975352242017,23.12838802595053,0.009286944880088934,52.56463528298065,65.6,0.0,0.0,0.0,0.0,0.0,0.0,0.0,0.0,0.0,0.0,0.0,0.0,0.0,0.0,0.0,0.0,0.0,0.0,0.0 
